phase,n,total_s,mean_s,median_s,sd_s,pct_of_overall
overall,1,25.090773,25.090773,25.090773,0.000000,
inference,78,17.352251,0.222465,0.202439,0.079213,69.16
file_checks,1,0.001956,0.001956,0.001956,0.000000,0.01
setup,1,0.000503,0.000503,0.000503,0.000000,0.00
audio_io/reading,78,47.517626,0.609200,0.646997,0.173434,189.38
audio_io/resampling,78,33.141201,0.424887,0.466586,0.130067,132.09
write_io/writing,78,0.528403,0.006774,0.006167,0.003991,2.11
write_io/formatting,78,0.435642,0.005585,0.003367,0.006971,1.74
