phase,n,total_s,mean_s,median_s,sd_s,pct_of_overall
overall,1,64.278334,64.278334,64.278334,0.000000,
inference,654,50.156261,0.076692,0.071789,0.074741,78.03
file_checks,1,0.002126,0.002126,0.002126,0.000000,0.00
setup,1,0.000565,0.000565,0.000565,0.000000,0.00
audio_io/reading,654,86.610285,0.132432,0.130371,0.020484,134.74
audio_io/resampling,654,60.415098,0.092378,0.090301,0.017014,93.99
write_io/formatting,654,4.530801,0.006928,0.001983,0.010078,7.05
write_io/writing,654,2.390875,0.003656,0.001533,0.007361,3.72
