phase,n,total_s,mean_s,median_s,sd_s,pct_of_overall
overall,1,22.682196,22.682196,22.682196,0.000000,
inference,78,16.593853,0.212742,0.193952,0.111557,73.16
file_checks,1,0.002004,0.002004,0.002004,0.000000,0.01
setup,1,0.000774,0.000774,0.000774,0.000000,0.00
audio_io/reading,78,36.309089,0.465501,0.451702,0.190076,160.08
audio_io/resampling,78,26.453113,0.339142,0.306037,0.160192,116.63
write_io/writing,78,0.385299,0.004940,0.004607,0.002322,1.70
write_io/formatting,78,0.319422,0.004095,0.004330,0.001658,1.41
