phase,n,total_s,mean_s,median_s,sd_s,pct_of_overall
overall,1,55.340592,55.340592,55.340592,0.000000,
inference,654,45.678529,0.069845,0.066647,0.025635,82.54
file_checks,1,0.002618,0.002618,0.002618,0.000000,0.00
setup,1,0.000499,0.000499,0.000499,0.000000,0.00
audio_io/reading,654,118.311274,0.180904,0.185264,0.028152,213.79
audio_io/resampling,654,74.311467,0.113626,0.117851,0.022722,134.28
write_io/formatting,654,2.048878,0.003133,0.003033,0.000833,3.70
write_io/writing,654,1.616496,0.002472,0.001928,0.001530,2.92
