phase,n,total_s,mean_s,median_s,sd_s,pct_of_overall
overall,1,55.859134,55.859134,55.859134,0.000000,
inference,654,46.175103,0.070604,0.066644,0.028745,82.66
file_checks,1,0.002215,0.002215,0.002215,0.000000,0.00
setup,1,0.000498,0.000498,0.000498,0.000000,0.00
audio_io/reading,654,116.892375,0.178735,0.182663,0.027773,209.26
audio_io/resampling,654,72.601225,0.111011,0.112595,0.022282,129.97
write_io/formatting,654,2.111370,0.003228,0.003083,0.000961,3.78
write_io/writing,654,1.537243,0.002351,0.001910,0.001422,2.75
