phase,n,total_s,mean_s,median_s,sd_s,pct_of_overall
overall,1,26.879871,26.879871,26.879871,0.000000,
inference,222,18.441446,0.083070,0.065816,0.074573,68.61
setup,1,0.005942,0.005942,0.005942,0.000000,0.02
file_checks,1,0.002196,0.002196,0.002196,0.000000,0.01
audio_io/reading,222,29.298380,0.131975,0.121164,0.043823,109.00
audio_io/resampling,222,20.391532,0.091854,0.085125,0.028040,75.86
write_io/formatting,222,0.638205,0.002875,0.003133,0.000909,2.37
write_io/writing,222,0.468507,0.002110,0.001665,0.001359,1.74
