phase,n,total_s,mean_s,median_s,sd_s,pct_of_overall
overall,1,56.573333,56.573333,56.573333,0.000000,
inference,870,46.938153,0.053952,0.051893,0.021777,82.97
file_checks,1,0.002389,0.002389,0.002389,0.000000,0.00
setup,1,0.000516,0.000516,0.000516,0.000000,0.00
audio_io/reading,870,94.988511,0.109182,0.108789,0.018178,167.90
audio_io/resampling,870,67.040631,0.077058,0.071592,0.015627,118.50
write_io/formatting,870,2.385082,0.002741,0.002701,0.000546,4.22
write_io/writing,870,1.597194,0.001836,0.001681,0.000756,2.82
