phase,n,total_s,mean_s,median_s,sd_s,pct_of_overall
overall,1,53.977471,53.977471,53.977471,0.000000,
inference,654,66.328023,0.101419,0.098124,0.071531,122.88
file_checks,1,0.002284,0.002284,0.002284,0.000000,0.00
setup,1,0.000579,0.000579,0.000579,0.000000,0.00
audio_io/reading,654,132.033122,0.201886,0.204512,0.024295,244.61
audio_io/resampling,654,94.430351,0.144389,0.144512,0.023326,174.94
write_io/formatting,654,7.970421,0.012187,0.006386,0.012972,14.77
write_io/writing,654,5.060562,0.007738,0.003057,0.011553,9.38
