phase,n,total_s,mean_s,median_s,sd_s,pct_of_overall
overall,1,74.743853,74.743853,74.743853,0.000000,
inference,654,59.581964,0.091104,0.062228,0.212970,79.71
file_checks,1,0.002689,0.002689,0.002689,0.000000,0.00
setup,1,0.000584,0.000584,0.000584,0.000000,0.00
audio_io/reading,654,84.787273,0.129644,0.128855,0.018483,113.44
audio_io/resampling,654,58.777484,0.089874,0.087857,0.015185,78.64
write_io/formatting,654,3.242117,0.004957,0.002004,0.008196,4.34
write_io/writing,654,1.702018,0.002602,0.001554,0.004274,2.28
