phase,n,total_s,mean_s,median_s,sd_s,pct_of_overall
overall,1,28.924347,28.924347,28.924347,0.000000,
inference,222,17.942840,0.080824,0.066589,0.060176,62.03
file_checks,1,0.002357,0.002357,0.002357,0.000000,0.01
setup,1,0.000592,0.000592,0.000592,0.000000,0.00
audio_io/reading,222,39.045814,0.175882,0.168270,0.041916,134.99
audio_io/resampling,222,21.649047,0.097518,0.092306,0.024110,74.85
write_io/formatting,222,0.601817,0.002711,0.002791,0.001066,2.08
write_io/writing,222,0.472506,0.002128,0.001733,0.001285,1.63
