phase,n,total_s,mean_s,median_s,sd_s,pct_of_overall
overall,1,26.618735,26.618735,26.618735,0.000000,
inference,78,17.732405,0.227339,0.197045,0.094168,66.62
file_checks,1,0.001938,0.001938,0.001938,0.000000,0.01
setup,1,0.000545,0.000545,0.000545,0.000000,0.00
audio_io/reading,78,34.586469,0.443416,0.465364,0.122262,129.93
audio_io/resampling,78,21.047228,0.269836,0.284537,0.081144,79.07
write_io/writing,78,0.334148,0.004284,0.004404,0.001471,1.26
write_io/formatting,78,0.269979,0.003461,0.003466,0.001483,1.01
