phase,n,total_s,mean_s,median_s,sd_s,pct_of_overall
overall,1,23.969729,23.969729,23.969729,0.000000,
inference,222,16.808041,0.075712,0.065730,0.048760,70.12
file_checks,1,0.001980,0.001980,0.001980,0.000000,0.01
setup,1,0.000535,0.000535,0.000535,0.000000,0.00
audio_io/reading,222,44.905065,0.202275,0.207479,0.037453,187.34
audio_io/resampling,222,27.885055,0.125608,0.133442,0.026120,116.33
write_io/writing,222,0.787334,0.003547,0.002758,0.002212,3.28
write_io/formatting,222,0.746695,0.003363,0.003070,0.001359,3.12
