phase,n,total_s,mean_s,median_s,sd_s,pct_of_overall
overall,1,54.115395,54.115395,54.115395,0.000000,
inference,654,44.131164,0.067479,0.066496,0.025830,81.55
setup,1,0.005901,0.005901,0.005901,0.000000,0.01
file_checks,1,0.002545,0.002545,0.002545,0.000000,0.00
audio_io/reading,654,119.717533,0.183054,0.183636,0.025680,221.23
audio_io/resampling,654,76.971361,0.117693,0.119157,0.020738,142.24
write_io/writing,654,8.971843,0.013718,0.015261,0.004957,16.58
write_io/formatting,654,2.937018,0.004491,0.002700,0.004906,5.43
