phase,n,total_s,mean_s,median_s,sd_s,pct_of_overall
overall,1,22.303259,22.303259,22.303259,0.000000,
inference,222,16.378237,0.073776,0.064163,0.061687,73.43
file_checks,1,0.001892,0.001892,0.001892,0.000000,0.01
setup,1,0.000716,0.000716,0.000716,0.000000,0.00
audio_io/reading,222,37.682953,0.169743,0.163630,0.054836,168.96
audio_io/resampling,222,25.505768,0.114891,0.114654,0.038589,114.36
write_io/formatting,222,0.704788,0.003175,0.003159,0.001199,3.16
write_io/writing,222,0.587801,0.002648,0.001950,0.002096,2.64
