phase,n,total_s,mean_s,median_s,sd_s,pct_of_overall
overall,1,25.719806,25.719806,25.719806,0.000000,
inference,42,17.565103,0.418217,0.388311,0.110596,68.29
file_checks,1,0.002115,0.002115,0.002115,0.000000,0.01
setup,1,0.000716,0.000716,0.000716,0.000000,0.00
audio_io/reading,42,28.016451,0.667058,0.703655,0.324103,108.93
audio_io/resampling,42,21.251607,0.505991,0.520925,0.255552,82.63
write_io/writing,42,0.304376,0.007247,0.007928,0.003562,1.18
write_io/formatting,42,0.139878,0.003330,0.003605,0.001282,0.54
