phase,n,total_s,mean_s,median_s,sd_s,pct_of_overall
overall,1,25.076734,25.076734,25.076734,0.000000,
inference,42,16.516755,0.393256,0.402061,0.127366,65.86
file_checks,1,0.002163,0.002163,0.002163,0.000000,0.01
setup,1,0.000545,0.000545,0.000545,0.000000,0.00
audio_io/reading,42,46.822862,1.114830,1.275757,0.433902,186.72
audio_io/resampling,42,32.974935,0.785118,0.916547,0.343883,131.50
write_io/writing,42,0.422769,0.010066,0.008883,0.005842,1.69
write_io/formatting,42,0.197177,0.004695,0.003513,0.004595,0.79
