phase,n,total_s,mean_s,median_s,sd_s,pct_of_overall
overall,1,23.117337,23.117337,23.117337,0.000000,
inference,42,16.586975,0.394928,0.396166,0.103238,71.75
file_checks,1,0.002021,0.002021,0.002021,0.000000,0.01
setup,1,0.000529,0.000529,0.000529,0.000000,0.00
audio_io/reading,42,40.570948,0.965975,1.073626,0.475024,175.50
audio_io/resampling,42,31.902083,0.759573,0.873625,0.384834,138.00
write_io/writing,42,0.442733,0.010541,0.008403,0.008021,1.92
write_io/formatting,42,0.167690,0.003993,0.003250,0.002576,0.73
