phase,n,total_s,mean_s,median_s,sd_s,pct_of_overall
overall,1,55.994334,55.994334,55.994334,0.000000,
inference,654,46.283581,0.070770,0.066687,0.029333,82.66
file_checks,1,0.002683,0.002683,0.002683,0.000000,0.00
setup,1,0.000504,0.000504,0.000504,0.000000,0.00
audio_io/reading,654,115.613939,0.176780,0.182267,0.027739,206.47
audio_io/resampling,654,74.313385,0.113629,0.118895,0.022366,132.72
write_io/formatting,654,2.169397,0.003317,0.003100,0.001032,3.87
write_io/writing,654,1.664469,0.002545,0.001942,0.001522,2.97
