phase,n,total_s,mean_s,median_s,sd_s,pct_of_overall
overall,1,27.541501,27.541501,27.541501,0.000000,
inference,42,17.424843,0.414877,0.394473,0.092484,63.27
file_checks,1,0.002005,0.002005,0.002005,0.000000,0.01
setup,1,0.000534,0.000534,0.000534,0.000000,0.00
audio_io/reading,42,34.131137,0.812646,0.937535,0.308984,123.93
audio_io/resampling,42,21.447506,0.510655,0.580695,0.212281,77.87
write_io/writing,42,0.306233,0.007291,0.006685,0.008106,1.11
write_io/formatting,42,0.146903,0.003498,0.003623,0.001850,0.53
