phase,n,total_s,mean_s,median_s,sd_s,pct_of_overall
overall,1,25.216407,25.216407,25.216407,0.000000,
inference,78,18.260581,0.234110,0.193636,0.114070,72.42
file_checks,1,0.001867,0.001867,0.001867,0.000000,0.01
setup,1,0.000563,0.000563,0.000563,0.000000,0.00
audio_io/reading,78,28.306621,0.362905,0.351619,0.145347,112.25
audio_io/resampling,78,20.771641,0.266303,0.258227,0.103074,82.37
write_io/writing,78,0.375661,0.004816,0.004774,0.002087,1.49
write_io/formatting,78,0.314803,0.004036,0.004094,0.001622,1.25
