phase,n,total_s,mean_s,median_s,sd_s,pct_of_overall
overall,1,53.050494,53.050494,53.050494,0.000000,
inference,654,45.791441,0.070017,0.066626,0.027101,86.32
file_checks,1,0.002150,0.002150,0.002150,0.000000,0.00
setup,1,0.001071,0.001071,0.001071,0.000000,0.00
audio_io/reading,654,115.099064,0.175992,0.179187,0.027552,216.96
audio_io/resampling,654,72.546172,0.110927,0.112312,0.022778,136.75
write_io/formatting,654,2.070722,0.003166,0.003054,0.000814,3.90
write_io/writing,654,1.576389,0.002410,0.001937,0.001399,2.97
