phase,n,total_s,mean_s,median_s,sd_s,pct_of_overall
overall,1,56.027958,56.027958,56.027958,0.000000,
inference,438,46.275482,0.105652,0.102091,0.030183,82.59
file_checks,1,0.001985,0.001985,0.001985,0.000000,0.00
setup,1,0.000525,0.000525,0.000525,0.000000,0.00
audio_io/reading,438,115.454016,0.263594,0.269787,0.044201,206.07
audio_io/resampling,438,71.048429,0.162211,0.159703,0.036114,126.81
write_io/formatting,438,1.560773,0.003563,0.003383,0.001037,2.79
write_io/writing,438,1.232121,0.002813,0.002592,0.001109,2.20
